Wed Nov 26 14:45:59 UTC 2025: Don’t watch the clock; do what it does. Keep going.
Wed Nov 26 18:47:15 UTC 2025: Don’t watch the clock; do what it does. Keep going.
Thu Nov 27 18:48:04 UTC 2025: Dream big and dare to fail.
Fri Nov 28 18:48:00 UTC 2025: Success is not final, failure is not fatal: It is the courage to continue that counts.
Sat Nov 29 18:47:28 UTC 2025: Believe you can and you're halfway there.
Sun Nov 30 18:47:35 UTC 2025: Success is not final, failure is not fatal: It is the courage to continue that counts.
Mon Dec  1 18:56:21 UTC 2025: Start where you are. Use what you have. Do what you can.
Tue Dec  2 18:54:48 UTC 2025: Dream big and dare to fail.
Wed Dec  3 18:53:39 UTC 2025: Believe you can and you're halfway there.
Thu Dec  4 18:54:14 UTC 2025: Success is not final, failure is not fatal: It is the courage to continue that counts.
Fri Dec  5 18:49:22 UTC 2025: You are stronger than you think.
Sat Dec  6 18:46:54 UTC 2025: Believe you can and you're halfway there.
Sun Dec  7 18:46:09 UTC 2025: Success is not final, failure is not fatal: It is the courage to continue that counts.
Mon Dec  8 18:51:57 UTC 2025: Believe you can and you're halfway there.
Tue Dec  9 18:50:32 UTC 2025: Dream big and dare to fail.
Wed Dec 10 18:52:26 UTC 2025: Success is not final, failure is not fatal: It is the courage to continue that counts.
Thu Dec 11 18:54:01 UTC 2025: Dream big and dare to fail.
Fri Dec 12 18:52:53 UTC 2025: Dream big and dare to fail.
Sat Dec 13 18:47:25 UTC 2025: Don’t watch the clock; do what it does. Keep going.
